t,Lx(t),Ly(t)
0.00000,0.00000,0.00000
0.00667,0.10453,0.08368
0.01333,0.20791,0.16677
0.02000,0.30902,0.24869
0.02667,0.40674,0.32887
0.03333,0.50000,0.40674
0.04000,0.58779,0.48175
0.04667,0.66913,0.55339
0.05333,0.74314,0.62115
0.06000,0.80902,0.68455
0.06667,0.86603,0.74314
0.07333,0.91355,0.79653
0.08000,0.95106,0.84433
0.08667,0.97815,0.88620
0.09333,0.99452,0.92186
0.10000,1.00000,0.95106
0.10667,0.99452,0.97358
0.11333,0.97815,0.98927
0.12000,0.95106,0.99803
0.12667,0.91355,0.99978
0.13333,0.86603,0.99452
0.14000,0.80902,0.98229
0.14667,0.74314,0.96316
0.15333,0.66913,0.93728
0.16000,0.58779,0.90483
0.16667,0.50000,0.86603
0.17333,0.40674,0.82115
0.18000,0.30902,0.77051
0.18667,0.20791,0.71447
0.19333,0.10453,0.65342
0.20000,0.00000,0.58779
0.20667,-0.10453,0.51803
0.21333,-0.20791,0.44464
0.22000,-0.30902,0.36812
0.22667,-0.40674,0.28903
0.23333,-0.50000,0.20791
0.24000,-0.58779,0.12533
0.24667,-0.66913,0.04188
0.25333,-0.74314,-0.04188
0.26000,-0.80902,-0.12533
0.26667,-0.86603,-0.20791
0.27333,-0.91355,-0.28903
0.28000,-0.95106,-0.36812
0.28667,-0.97815,-0.44464
0.29333,-0.99452,-0.51803
0.30000,-1.00000,-0.58779
0.30667,-0.99452,-0.65342
0.31333,-0.97815,-0.71447
0.32000,-0.95106,-0.77051
0.32667,-0.91355,-0.82115
0.33333,-0.86603,-0.86603
0.34000,-0.80902,-0.90483
0.34667,-0.74314,-0.93728
0.35333,-0.66913,-0.96316
0.36000,-0.58779,-0.98229
0.36667,-0.50000,-0.99452
0.37333,-0.40674,-0.99978
0.38000,-0.30902,-0.99803
0.38667,-0.20791,-0.98927
0.39333,-0.10453,-0.97358
0.40000,-0.00000,-0.95106
0.40667,0.10453,-0.92186
0.41333,0.20791,-0.88620
0.42000,0.30902,-0.84433
0.42667,0.40674,-0.79653
0.43333,0.50000,-0.74314
0.44000,0.58779,-0.68455
0.44667,0.66913,-0.62115
0.45333,0.74314,-0.55339
0.46000,0.80902,-0.48175
0.46667,0.86603,-0.40674
0.47333,0.91355,-0.32887
0.48000,0.95106,-0.24869
0.48667,0.97815,-0.16677
0.49333,0.99452,-0.08368
0.50000,1.00000,-0.00000
0.50667,0.99452,0.08368
0.51333,0.97815,0.16677
0.52000,0.95106,0.24869
0.52667,0.91355,0.32887
0.53333,0.86603,0.40674
0.54000,0.80902,0.48175
0.54667,0.74314,0.55339
0.55333,0.66913,0.62115
0.56000,0.58779,0.68455
0.56667,0.50000,0.74314
0.57333,0.40674,0.79653
0.58000,0.30902,0.84433
0.58667,0.20791,0.88620
0.59333,0.10453,0.92186
0.60000,0.00000,0.95106
0.60667,-0.10453,0.97358
0.61333,-0.20791,0.98927
0.62000,-0.30902,0.99803
0.62667,-0.40674,0.99978
0.63333,-0.50000,0.99452
0.64000,-0.58779,0.98229
0.64667,-0.66913,0.96316
0.65333,-0.74314,0.93728
0.66000,-0.80902,0.90483
0.66667,-0.86603,0.86603
0.67333,-0.91355,0.82115
0.68000,-0.95106,0.77051
0.68667,-0.97815,0.71447
0.69333,-0.99452,0.65342
0.70000,-1.00000,0.58779
0.70667,-0.99452,0.51803
0.71333,-0.97815,0.44464
0.72000,-0.95106,0.36812
0.72667,-0.91355,0.28903
0.73333,-0.86603,0.20791
0.74000,-0.80902,0.12533
0.74667,-0.74314,0.04188
0.75333,-0.66913,-0.04188
0.76000,-0.58779,-0.12533
0.76667,-0.50000,-0.20791
0.77333,-0.40674,-0.28903
0.78000,-0.30902,-0.36812
0.78667,-0.20791,-0.44464
0.79333,-0.10453,-0.51803
0.80000,-0.00000,-0.58779
0.80667,0.10453,-0.65342
0.81333,0.20791,-0.71447
0.82000,0.30902,-0.77051
0.82667,0.40674,-0.82115
0.83333,0.50000,-0.86603
0.84000,0.58779,-0.90483
0.84667,0.66913,-0.93728
0.85333,0.74314,-0.96316
0.86000,0.80902,-0.98229
0.86667,0.86603,-0.99452
0.87333,0.91355,-0.99978
0.88000,0.95106,-0.99803
0.88667,0.97815,-0.98927
0.89333,0.99452,-0.97358
0.90000,1.00000,-0.95106
0.90667,0.99452,-0.92186
0.91333,0.97815,-0.88620
0.92000,0.95106,-0.84433
0.92667,0.91355,-0.79653
0.93333,0.86603,-0.74314
0.94000,0.80902,-0.68455
0.94667,0.74314,-0.62115
0.95333,0.66913,-0.55339
0.96000,0.58779,-0.48175
0.96667,0.50000,-0.40674
0.97333,0.40674,-0.32887
0.98000,0.30902,-0.24869
0.98667,0.20791,-0.16677
0.99333,0.10453,-0.08368
1.00000,0.00000,-0.00000
1.00667,-0.10453,0.08368
1.01333,-0.20791,0.16677
1.02000,-0.30902,0.24869
1.02667,-0.40674,0.32887
1.03333,-0.50000,0.40674
1.04000,-0.58779,0.48175
1.04667,-0.66913,0.55339
1.05333,-0.74314,0.62115
1.06000,-0.80902,0.68455
1.06667,-0.86603,0.74314
1.07333,-0.91355,0.79653
1.08000,-0.95106,0.84433
1.08667,-0.97815,0.88620
1.09333,-0.99452,0.92186
1.10000,-1.00000,0.95106
1.10667,-0.99452,0.97358
1.11333,-0.97815,0.98927
1.12000,-0.95106,0.99803
1.12667,-0.91355,0.99978
1.13333,-0.86603,0.99452
1.14000,-0.80902,0.98229
1.14667,-0.74314,0.96316
1.15333,-0.66913,0.93728
1.16000,-0.58779,0.90483
1.16667,-0.50000,0.86603
1.17333,-0.40674,0.82115
1.18000,-0.30902,0.77051
1.18667,-0.20791,0.71447
1.19333,-0.10453,0.65342
1.20000,-0.00000,0.58779
1.20667,0.10453,0.51803
1.21333,0.20791,0.44464
1.22000,0.30902,0.36812
1.22667,0.40674,0.28903
1.23333,0.50000,0.20791
1.24000,0.58779,0.12533
1.24667,0.66913,0.04188
1.25333,0.74314,-0.04188
1.26000,0.80902,-0.12533
1.26667,0.86603,-0.20791
1.27333,0.91355,-0.28903
1.28000,0.95106,-0.36812
1.28667,0.97815,-0.44464
1.29333,0.99452,-0.51803
1.30000,1.00000,-0.58779
1.30667,0.99452,-0.65342
1.31333,0.97815,-0.71447
1.32000,0.95106,-0.77051
1.32667,0.91355,-0.82115
1.33333,0.86603,-0.86603
1.34000,0.80902,-0.90483
1.34667,0.74314,-0.93728
1.35333,0.66913,-0.96316
1.36000,0.58779,-0.98229
1.36667,0.50000,-0.99452
1.37333,0.40674,-0.99978
1.38000,0.30902,-0.99803
1.38667,0.20791,-0.98927
1.39333,0.10453,-0.97358
1.40000,0.00000,-0.95106
1.40667,-0.10453,-0.92186
1.41333,-0.20791,-0.88620
1.42000,-0.30902,-0.84433
1.42667,-0.40674,-0.79653
1.43333,-0.50000,-0.74314
1.44000,-0.58779,-0.68455
1.44667,-0.66913,-0.62115
1.45333,-0.74314,-0.55339
1.46000,-0.80902,-0.48175
1.46667,-0.86603,-0.40674
1.47333,-0.91355,-0.32887
1.48000,-0.95106,-0.24869
1.48667,-0.97815,-0.16677
1.49333,-0.99452,-0.08368
1.50000,-1.00000,-0.00000
1.50667,-0.99452,0.08368
1.51333,-0.97815,0.16677
1.52000,-0.95106,0.24869
1.52667,-0.91355,0.32887
1.53333,-0.86603,0.40674
1.54000,-0.80902,0.48175
1.54667,-0.74314,0.55339
1.55333,-0.66913,0.62115
1.56000,-0.58779,0.68455
1.56667,-0.50000,0.74314
1.57333,-0.40674,0.79653
1.58000,-0.30902,0.84433
1.58667,-0.20791,0.88620
1.59333,-0.10453,0.92186
1.60000,-0.00000,0.95106
1.60667,0.10453,0.97358
1.61333,0.20791,0.98927
1.62000,0.30902,0.99803
1.62667,0.40674,0.99978
1.63333,0.50000,0.99452
1.64000,0.58779,0.98229
1.64667,0.66913,0.96316
1.65333,0.74314,0.93728
1.66000,0.80902,0.90483
1.66667,0.86603,0.86603
1.67333,0.91355,0.82115
1.68000,0.95106,0.77051
1.68667,0.97815,0.71447
1.69333,0.99452,0.65342
1.70000,1.00000,0.58779
1.70667,0.99452,0.51803
1.71333,0.97815,0.44464
1.72000,0.95106,0.36812
1.72667,0.91355,0.28903
1.73333,0.86603,0.20791
1.74000,0.80902,0.12533
1.74667,0.74314,0.04188
1.75333,0.66913,-0.04188
1.76000,0.58779,-0.12533
1.76667,0.50000,-0.20791
1.77333,0.40674,-0.28903
1.78000,0.30902,-0.36812
1.78667,0.20791,-0.44464
1.79333,0.10453,-0.51803
1.80000,0.00000,-0.58779
1.80667,-0.10453,-0.65342
1.81333,-0.20791,-0.71447
1.82000,-0.30902,-0.77051
1.82667,-0.40674,-0.82115
1.83333,-0.50000,-0.86603
1.84000,-0.58779,-0.90483
1.84667,-0.66913,-0.93728
1.85333,-0.74314,-0.96316
1.86000,-0.80902,-0.98229
1.86667,-0.86603,-0.99452
1.87333,-0.91355,-0.99978
1.88000,-0.95106,-0.99803
1.88667,-0.97815,-0.98927
1.89333,-0.99452,-0.97358
1.90000,-1.00000,-0.95106
1.90667,-0.99452,-0.92186
1.91333,-0.97815,-0.88620
1.92000,-0.95106,-0.84433
1.92667,-0.91355,-0.79653
1.93333,-0.86603,-0.74314
1.94000,-0.80902,-0.68455
1.94667,-0.74314,-0.62115
1.95333,-0.66913,-0.55339
1.96000,-0.58779,-0.48175
1.96667,-0.50000,-0.40674
1.97333,-0.40674,-0.32887
1.98000,-0.30902,-0.24869
1.98667,-0.20791,-0.16677
1.99333,-0.10453,-0.08368
2.00000,-0.00000,-0.00000
